<build>
  <plugins>
    <plugin>
      <groupId>org.jacoco</groupId>
      <artifactId>jacoco-maven-plugin</artifactId>
      <version>0.6.4.201312101107</version>
      <executions>
        <execution>
          <id>pre-unit-test</id>
          <goals>
            <goal>prepare-agent</goal>
          </goals>
        </execution>
        <execution>
          <id>post-unit-test</id>
          <phase>test</phase>
          <goals>
            <goal>report</goal>
          </goals>
        </execution>
      </executions>
    </plugin>
  </plugins>
</build>